{
	"format_version": "1.8.0",
	"animations": {
		"animation.model.new": {
			"loop": true,
			"animation_length": 0.4583,
			"bones": {
				"all": {
					"rotation": {
						"0.0": {
							"vector": [0, 2.5, 0]
						},
						"0.2083": {
							"vector": [-1.13641, 2.91555, -72.58218]
						},
						"0.4583": {
							"vector": [-193.83311, 29.3271, -84.20661]
						}
					},
					"position": {
						"0.0": {
							"vector": [0, 0, 0]
						},
						"0.2083": {
							"vector": [0, 12, 0]
						}
					}
				},
				"effect": {
					"rotation": {
						"0.0": {
							"vector": [0, 0, 0]
						},
						"0.2083": {
							"vector": [0, 0, -2.5]
						}
					},
					"position": {
						"0.0": {
							"vector": [0, 21, 0]
						},
						"0.2083": {
							"vector": [0, 18.6, 1]
						},
						"0.4583": {
							"vector": [0, -5.4, -19]
						}
					},
					"scale": {
						"0.0": {
							"vector": [1, 1, 1]
						},
						"0.2083": {
							"vector": [1, 1.1294, 3.3294]
						},
						"0.4583": {
							"vector": [1, 2.4294, 18.8294]
						}
					}
				},
				"glow": {
					"rotation": {
						"0.0": {
							"vector": [0, 2.5, 0]
						},
						"0.2083": {
							"vector": [-1.13641, 2.91555, -72.58218]
						},
						"0.4583": {
							"vector": [-193.83311, 29.3271, -84.20661]
						}
					},
					"position": {
						"0.0": {
							"vector": [0, 0, 0]
						},
						"0.2083": {
							"vector": [0, 12, 0]
						}
					}
				}
			}
		},
		"animation.model.new2": {
			"loop": true,
			"animation_length": 0.375,
			"bones": {
				"all": {
					"rotation": {
						"0.0": {
							"vector": [0, 0, 0]
						},
						"0.125": {
							"vector": [0, 0, 37.5]
						},
						"0.3333": {
							"vector": [-159.84401, -26.14191, 65.79884]
						}
					},
					"position": {
						"0.0": {
							"vector": [0, 0, 0]
						},
						"0.3333": {
							"vector": [0, 13, 0]
						}
					}
				},
				"effect": {
					"position": {
						"0.0": {
							"vector": [0, 0, 0]
						},
						"0.3333": {
							"vector": [0, -9, -13]
						}
					},
					"scale": {
						"0.0": {
							"vector": [1, 1, 1]
						},
						"0.3333": {
							"vector": [1, 2.7, 18.1]
						}
					}
				},
				"glow": {
					"rotation": {
						"0.0": {
							"vector": [0, 0, 0]
						},
						"0.125": {
							"vector": [0, 0, 37.5]
						},
						"0.3333": {
							"vector": [-159.84401, -26.14191, 65.79884]
						}
					},
					"position": {
						"0.0": {
							"vector": [0, 0, 0]
						},
						"0.3333": {
							"vector": [0, 13, 0]
						}
					}
				}
			}
		}
	},
	"geckolib_format_version": 2
}